CustomerID,AvgSpend,TotalItems,AvgSession,AvgRating,Cluster_KMeans,Cluster_HC,Cluster_DBSCAN,Cluster_GMM
1000,68301.8,10,259.4,3.815167087663472,1,3,-1,2
1001,63524.8,12,237.0,2.368077989688495,2,0,-1,3
1002,52949.666666666664,14,139.33333333333334,3.90076036306939,2,0,-1,2
1003,38998.25,13,264.75,3.49351175182443,0,1,0,3
1004,35137.4,14,311.0,3.2233341427069613,0,2,-1,3
1005,61937.0,6,146.66666666666666,1.9942011691088044,2,0,-1,1
1006,47716.444444444445,25,275.44444444444446,3.137834573321171,3,1,-1,3
1007,32624.4,12,248.6,2.5365400501774884,0,2,-1,3
1008,49650.6,9,222.6,2.93589678470097,2,0,0,3
1009,24156.5,8,201.25,3.2675611380150493,0,2,-1,0
1010,53241.333333333336,17,265.1666666666667,3.3381661689731765,3,1,0,3
1011,10176.0,6,127.0,3.752851721158266,0,2,-1,0
1012,43677.0,6,246.5,2.4349299085017257,0,2,-1,0
1013,30646.5,6,176.5,3.479057730881768,0,2,-1,0
1014,43156.181818181816,31,224.72727272727272,2.841481141629892,3,1,-1,3
1015,71247.33333333333,10,305.6666666666667,2.901987374415487,1,3,0,2
1016,54026.142857142855,13,210.0,2.4122473483006552,2,0,0,3
1017,56617.72727272727,23,210.54545454545453,2.4916178876915662,3,1,-1,3
1018,60969.833333333336,13,236.33333333333334,2.7153090139319063,2,0,0,3
1019,44560.0,20,265.57142857142856,2.9560614961365164,3,1,0,3
1020,45326.166666666664,11,179.0,2.8860992488689443,0,0,0,3
1021,42257.25,12,353.5,4.043665836117919,1,3,-1,2
1022,62343.5,10,276.75,2.882239993288706,1,3,0,2
1023,55268.88888888889,21,270.44444444444446,2.7935465748403634,3,1,0,3
1024,21696.0,8,181.0,2.990204056290145,0,2,-1,0
1025,15682.0,4,220.0,4.5126337647013735,0,2,-1,0
1026,16132.333333333334,7,92.33333333333333,3.3887134210643937,0,2,-1,0
1027,53042.0,16,190.66666666666666,3.8132257828142975,3,1,-1,3
1028,47251.0,11,254.5,2.9202614952559576,0,1,0,3
1029,32495.4,24,265.2,2.1500337596793857,3,1,-1,3
1030,33268.0,14,154.0,2.4774502895349886,0,0,-1,3
1031,74906.0,4,240.0,3.4195744106066965,2,0,-1,2
1032,44988.75,18,155.375,2.915729889525995,3,1,-1,3
1033,28724.0,2,30.0,4.440230115336021,0,0,-1,1
1034,54260.4,15,222.2,3.0466391813311176,3,1,0,3
1035,56464.75,9,353.0,3.389380670716844,1,3,-1,2
1036,8613.666666666666,8,196.66666666666666,2.5113291223970085,0,2,-1,0
1037,65544.0,23,192.71428571428572,2.8647043224151503,3,1,-1,3
1038,58163.666666666664,14,182.83333333333334,3.2864738178396267,2,0,0,3
1039,29593.85714285714,15,222.0,3.670770080928272,0,1,-1,3
1040,67954.0,12,384.75,3.3732597749282203,1,3,-1,2
1041,74309.0,6,114.5,3.6685968587762874,2,0,-1,1
1042,57174.666666666664,12,188.0,2.001274588732615,2,0,-1,1
1044,53987.4,12,196.4,3.4268517641210847,2,0,0,3
1045,40370.5,5,127.0,2.898516458167867,0,0,-1,1
1046,31144.5,17,245.75,2.655950907447007,0,1,0,3
1047,40949.6,14,223.2,3.247227017339425,0,1,0,3
1048,38730.8,17,241.6,3.1600857248872183,3,1,0,3
1049,41604.57142857143,19,227.42857142857142,2.175292144139262,3,1,-1,3
1050,68099.0,4,424.0,3.2783652031707415,1,3,-1,2
1051,40074.4,12,340.0,3.1713464310007553,1,2,-1,3
1052,45850.75,14,188.25,3.718977310469963,3,1,-1,3
1053,62857.5,11,282.25,3.034822636179202,1,3,0,2
1054,32568.5,7,193.5,3.2174793118441407,0,2,-1,3
1055,70065.33333333333,10,190.0,2.6378902263698216,2,0,1,1
1056,47982.818181818184,28,241.8181818181818,2.556675168237055,3,1,-1,3
1057,80752.2,12,291.8,2.7655828117225965,1,3,-1,2
1058,50121.875,21,237.25,2.81152772579922,3,1,0,3
1059,56909.2,10,191.8,3.7916568102004504,2,0,2,2
1060,55222.8,9,239.4,3.4497286414079467,1,0,7,2
1061,44689.333333333336,7,255.33333333333334,3.372699070077269,0,0,0,3
1062,37100.125,23,280.875,2.6436847607823744,3,1,-1,3
1063,42886.666666666664,7,468.0,2.11829609461518,1,2,-1,0
1064,70973.8,13,217.2,3.065814353880342,2,0,0,3
1065,62971.75,8,224.0,3.2658808772660084,2,0,-1,2
1066,48935.4,12,249.6,2.7715472471268603,0,1,0,3
1067,41783.2,10,404.2,2.3887158656777627,1,2,-1,0
1068,37125.42857142857,16,297.85714285714283,3.1127564958264315,3,2,0,3
1069,61546.5,14,211.33333333333334,3.1220343425805024,2,0,0,3
1070,29450.25,14,224.5,2.23905867808238,0,2,-1,3
1071,66584.875,25,311.125,2.473567571721939,3,1,-1,3
1072,6517.0,4,151.0,1.5031554622146013,0,2,-1,0
1073,60748.57142857143,16,231.57142857142858,2.541167296170644,3,1,0,3
1074,38844.8,16,216.4,2.6721402745641725,3,1,0,3
1075,48763.5,13,388.25,3.6329549783037187,1,3,-1,2
1076,45996.666666666664,15,349.5,3.126318049557779,1,3,0,3
1077,76848.2,13,371.4,2.509589597754533,1,3,-1,2
1078,55494.0,10,173.25,3.6800801053422956,2,0,2,1
1079,38085.75,12,278.5,4.370040552441406,1,3,-1,2
1080,47549.0,10,311.8,3.0902716500618617,1,1,0,2
1081,52339.5,21,263.0,3.2854800487278872,3,1,0,3
1082,73448.0,17,168.71428571428572,3.001318420726168,2,0,-1,3
1083,56410.75,9,195.75,2.065496168191124,2,0,-1,1
1084,51571.666666666664,11,372.6666666666667,1.5470387726139128,1,2,-1,0
1085,38894.5,6,234.5,3.099074447404475,0,0,4,3
1086,63998.6,11,176.6,2.0987192618461807,2,0,-1,1
1087,34007.875,18,245.375,2.9030285500892345,3,1,0,3
1088,59658.5,15,176.33333333333334,2.9039695005002866,2,0,0,3
1089,43176.166666666664,14,245.5,2.513504089992039,0,2,0,3
1090,31496.428571428572,19,206.28571428571428,3.420099467562283,3,1,-1,3
1091,35242.142857142855,18,201.57142857142858,3.41482793385788,3,1,-1,3
1092,46246.0,8,279.75,2.7301889666047754,0,2,5,2
1093,63822.8,16,384.6,1.8794475633555017,1,1,-1,0
1094,45357.0,16,225.66666666666666,3.153902049732183,3,1,0,3
1095,59332.75,11,312.0,2.9720053049361903,1,3,0,2
1096,47022.0,8,31.0,3.856471296135906,2,0,-1,1
1097,55261.0,8,363.5,2.374794774023771,1,2,-1,2
1098,48058.28571428572,21,170.14285714285714,3.0390779252254405,3,1,0,3
1099,43551.0,12,309.3333333333333,2.8529631986484447,1,3,0,3
1100,39711.5,16,320.8333333333333,2.5139135537597523,3,1,-1,3
1101,50453.333333333336,14,286.3333333333333,3.090642052704967,1,1,0,3
1102,51390.0,8,419.5,3.140293436222675,1,3,-1,2
1103,43179.333333333336,6,344.0,2.2434886158544693,0,2,-1,0
1104,20535.8,15,127.6,2.8440294372330643,0,2,-1,3
1105,40126.333333333336,5,272.6666666666667,2.816151835654738,0,2,4,0
1106,54661.88888888889,22,271.0,3.022649494129441,3,1,0,3
1107,64228.333333333336,9,364.6666666666667,3.2631982925014076,1,3,-1,2
1108,58042.25,9,67.5,4.0770466219577095,2,0,-1,1
1109,56645.0,21,246.375,3.6493597186294373,3,1,-1,3
1110,61049.333333333336,6,259.0,2.046561009405509,2,0,-1,2
1111,46728.857142857145,13,132.85714285714286,2.991134674844677,2,0,0,3
1112,62778.666666666664,21,235.5,2.71957514016456,3,1,-1,3
1113,47199.857142857145,18,224.28571428571428,3.6164302499916587,3,1,0,3
1114,27367.8,12,241.2,3.423106099923127,0,1,-1,3
1115,51417.833333333336,15,279.3333333333333,3.0172154911099827,3,1,0,3
1116,46984.0,16,361.6,3.720176144684102,1,3,-1,3
1117,58130.833333333336,17,290.1666666666667,3.111502860470571,3,1,0,3
1118,49207.166666666664,17,305.6666666666667,2.9872080845979654,3,1,0,3
1119,61835.0,6,210.5,4.6715638238468,1,0,-1,2
1120,39469.0,5,124.5,2.350973500031251,0,0,-1,1
1121,36992.166666666664,17,197.83333333333334,2.82122413049701,3,1,0,3
1122,60293.75,8,213.5,2.058466698515115,2,0,-1,1
1123,65076.42857142857,18,245.28571428571428,1.8026779490721203,3,1,-1,3
1124,34649.333333333336,18,272.8333333333333,3.4683584014684343,3,1,-1,3
1125,63088.6,9,253.4,3.1018993767334893,2,0,-1,2
1126,49024.71428571428,16,253.42857142857142,3.383492935082697,3,1,0,3
1127,62533.333333333336,17,231.5,3.0524728794882523,3,1,0,3
1128,55164.0,16,374.2,3.5209856809037476,1,3,-1,3
1129,76379.0,10,359.0,2.06686375755098,1,3,-1,2
1130,46770.28571428572,18,220.14285714285714,3.1681397503877338,3,1,0,3
1131,67207.0,5,386.0,4.394431067988101,1,3,-1,2
1132,65039.0,10,352.0,2.3795369021121835,1,3,-1,2
1133,55375.0,17,254.85714285714286,2.8449395247165983,3,1,0,3
1134,51285.0,11,339.25,1.9056694746768752,1,2,-1,2
1135,55989.6,13,270.0,2.9240464260698924,1,1,0,3
1136,39008.5,21,191.33333333333334,2.5242327451796442,3,1,-1,3
1137,28424.2,16,209.8,2.266806451065475,0,2,-1,3
1138,26557.0,7,294.5,4.092974796923589,0,2,-1,0
1139,43018.0,19,282.0,2.379562200972871,3,1,-1,3
1140,54020.916666666664,35,320.0,2.9275678112881356,3,1,-1,3
1141,27426.2,14,242.2,2.8921626783868044,0,2,-1,3
1142,51105.0,9,240.33333333333334,4.015133672103397,1,3,3,2
1143,63098.0,11,261.6,3.7246220608010416,1,3,7,2
1144,43510.166666666664,15,292.1666666666667,2.475556502451006,3,1,-1,3
1145,52467.0,12,260.6,3.3027360604487432,1,1,0,3
1146,63203.25,11,145.75,2.6986136603391495,2,0,0,1
1147,39053.166666666664,20,306.6666666666667,2.5872922487067536,3,1,-1,3
1148,97468.0,1,386.0,2.351641317505357,1,3,-1,2
1149,83396.66666666667,12,247.0,3.809637783740731,1,3,-1,2
1150,36543.4,14,222.0,3.6076011693037437,0,1,0,3
1151,35467.833333333336,13,237.5,2.8717715791025924,0,2,0,3
1152,56044.666666666664,13,302.0,3.876569713725478,1,3,-1,2
1153,44428.8,17,198.4,3.986064872795567,3,1,-1,3
1154,44740.166666666664,16,213.5,3.94762173488812,3,1,-1,3
1155,45348.0,4,172.0,2.272900209668061,0,0,-1,1
1156,63119.0,8,214.66666666666666,2.6750872847289524,2,0,0,2
1157,53755.0,18,289.42857142857144,1.8649566346475903,3,1,-1,3
1158,61581.0,20,274.375,3.1117949527085527,3,1,-1,3
1159,50708.666666666664,9,180.33333333333334,3.3875105678186457,2,0,-1,3
1160,49589.0,17,304.0,2.780958213943206,3,1,0,3
1161,34740.0,10,353.0,3.823016160764286,1,3,-1,0
1162,44744.25,9,285.5,2.5792793465780726,0,2,5,2
1163,49449.333333333336,7,228.66666666666666,2.989774174369021,0,0,0,3
1164,58674.75,16,287.75,2.540881282918065,3,1,0,3
1165,69143.2,14,189.6,2.7349623531804967,2,0,-1,3
1166,44127.0,9,351.6666666666667,3.8933334490169513,1,3,-1,2
1167,44130.5,3,239.5,3.017336906285994,0,0,-1,3
1168,41815.166666666664,16,230.83333333333334,3.242419119149084,3,1,0,3
1169,41674.5,9,227.0,3.6048142046526666,0,0,0,3
1170,38988.833333333336,15,244.0,3.211514567868973,3,1,0,3
1171,54118.875,22,223.25,3.3476626608982354,3,1,8,3
1172,45230.75,9,264.0,3.5373327663933876,1,0,0,3
1173,57345.42857142857,21,280.57142857142856,2.878792057190775,3,1,0,3
1174,49469.5,16,341.6666666666667,2.794261897790826,3,3,0,3
1175,41701.71428571428,18,288.57142857142856,3.2665761310958006,3,1,0,3
1176,62035.42857142857,19,296.7142857142857,3.624429062314064,3,1,-1,3
1177,83136.66666666667,5,311.3333333333333,3.9167594361427986,1,3,-1,2
1178,42914.57142857143,12,171.28571428571428,2.971910893049631,0,0,0,3
1179,37481.5,7,295.25,3.066786663194737,0,2,4,0
1180,59084.857142857145,16,222.57142857142858,2.9395967575888524,3,1,0,3
1181,61778.71428571428,17,241.57142857142858,2.3577275498315324,3,1,0,3
1182,57552.5,9,306.5,3.8466500358540534,1,3,3,2
1183,45462.857142857145,22,244.42857142857142,2.795419304394265,3,1,0,3
1184,12923.5,3,402.5,3.9568833924375166,0,2,-1,0
1185,53892.2,11,336.0,3.107925730485865,1,3,0,2
1186,49404.57142857143,17,253.14285714285714,2.972393731915424,3,1,0,3
1187,64802.77777777778,21,262.8888888888889,3.008775290194056,3,1,-1,3
1188,68123.66666666667,6,300.3333333333333,3.078326274606967,1,3,-1,2
1189,45710.0,3,13.0,4.572998375901073,2,0,-1,1
1190,43249.833333333336,14,196.33333333333334,3.46383988004129,3,1,0,3
1191,39372.5,11,255.16666666666666,3.1223649922410828,0,1,-1,3
1192,40416.42857142857,16,140.0,3.251915572592598,3,1,-1,3
1193,36245.666666666664,19,342.0,3.521244832577191,3,3,-1,3
1194,68293.0,11,270.6,2.6205229649887007,2,0,0,2
1195,78740.4,13,344.8,3.551840522392852,1,3,-1,2
1196,45940.0,9,247.75,3.3322413538367845,0,0,0,3
1197,34987.5,11,194.5,2.5741227606155253,0,0,-1,3
1198,41121.0,9,323.75,2.3179983301995866,0,2,-1,0
1199,67311.16666666667,15,231.0,3.066321116027216,2,0,0,3
1200,56676.5,9,208.5,3.246511686574718,2,0,0,3
1201,54719.7,27,261.4,2.899959765235398,3,1,-1,3
1202,31096.0,9,276.75,3.574179061706772,0,2,-1,0
1203,54515.6,14,170.6,3.0857321309731973,2,0,0,3
1204,88839.66666666667,6,196.66666666666666,3.1970010137180576,2,0,-1,2
1205,28379.833333333332,11,230.5,3.2966583147831785,0,1,-1,3
1206,15898.333333333334,6,200.33333333333334,3.1027243276719703,0,2,-1,0
1207,44288.57142857143,20,281.2857142857143,3.028751868712594,3,1,0,3
1208,36497.857142857145,20,203.71428571428572,3.6650325420968928,3,1,-1,3
1209,42169.5,8,371.5,3.8605099087344374,1,3,-1,0
1210,31188.333333333332,6,194.0,3.3033688127854415,0,2,-1,0
1211,41192.666666666664,12,214.16666666666666,3.1178697116817182,0,0,0,3
1212,50457.375,20,265.5,2.6722662797914016,3,1,0,3
1213,34261.75,11,283.0,2.7213389800428627,0,2,0,3
1214,47030.71428571428,15,305.42857142857144,3.1038130851831447,3,1,0,3
1215,62706.0,15,358.0,2.327264032435702,1,1,-1,2
1216,52712.875,21,229.75,2.937409337465842,3,1,0,3
1217,64023.5,8,198.75,2.6733833262757316,2,0,0,1
1218,52402.8,8,271.8,4.032445831399782,1,3,3,2
1219,50895.28571428572,17,215.14285714285714,3.4278573568958928,3,1,0,3
1220,58204.666666666664,7,343.3333333333333,3.939597448876869,1,3,-1,2
1221,47159.0,10,227.16666666666666,3.542149268486263,0,0,0,3
1222,83085.0,10,218.0,2.4996820884859186,2,0,-1,1
1223,61250.8,10,298.2,4.054412396085324,1,3,-1,2
1224,65991.125,22,180.25,2.917712768619978,3,1,-1,3
1225,66786.33333333333,17,278.6666666666667,3.224715792783425,3,1,0,3
1226,49578.75,6,332.5,3.2094604152798842,1,2,-1,2
1227,25340.5,7,279.25,2.701616742022681,0,2,-1,0
1228,39437.75,12,277.0,2.6640452133323693,0,2,0,3
1229,34330.0,7,345.0,2.1839217885835733,0,2,-1,0
1230,35471.75,22,290.625,2.4890041862862056,3,1,-1,3
1231,64558.666666666664,4,268.6666666666667,3.8319437388235524,1,3,-1,2
1232,44078.0,11,237.75,3.599608859795943,0,0,0,3
1233,70292.5,11,316.5,2.958819108148811,1,3,0,2
1234,30907.9,28,182.3,2.7056606757007913,3,1,-1,3
1235,71399.0,1,39.0,4.3066285032426,2,0,-1,1
1236,74919.33333333333,8,221.0,2.906768997499256,2,0,0,2
1237,51380.0,17,329.4,3.1342923432230343,3,3,0,3
1238,24232.625,22,269.0,3.2367422908700134,3,1,-1,3
1239,66687.75,16,219.0,3.650908133399628,3,1,-1,3
1240,44717.6,12,171.0,2.989576633748349,0,0,0,3
1241,41369.57142857143,16,366.85714285714283,3.477059284940112,1,3,-1,3
1242,36993.333333333336,5,153.33333333333334,2.63192394938041,0,0,-1,0
1243,58805.666666666664,6,272.3333333333333,3.8640152368707006,1,3,-1,2
1244,28566.0,11,220.75,2.8555665815611446,0,2,-1,3
1245,71415.33333333333,9,269.6666666666667,2.3968817347486664,2,0,0,2
1246,53565.71428571428,17,269.7142857142857,3.0688299296906325,3,1,0,3
1247,52952.666666666664,8,183.0,3.465044642451137,2,0,-1,1
1248,32856.0,17,104.8,3.0522066408975435,0,1,-1,3
1249,46419.25,11,226.0,2.5021357979695056,0,0,0,3
1250,53564.0,16,283.14285714285717,2.7212517204165896,3,1,0,3
1251,47085.75,7,306.0,2.4164635638092804,0,2,-1,2
1252,49740.5,9,175.5,2.630494285998706,2,0,6,3
1253,48812.0,9,162.75,3.3297291959278956,2,0,-1,3
1254,46190.0,11,214.8,3.5703248480053147,0,0,0,3
1255,51567.42857142857,22,299.57142857142856,3.3626852043708264,3,1,-1,3
1256,86687.66666666667,9,33.0,2.4404185664815956,2,0,-1,1
1257,44849.0,6,375.5,3.960423474634923,1,3,-1,2
1258,46143.8,13,149.4,2.8555230734512476,2,0,0,3
1259,39047.5,12,239.33333333333334,2.3180221322403955,0,2,0,3
1260,19787.0,2,50.0,1.6053328895596852,0,2,-1,0
1261,49853.75,13,312.0,2.5444192050221632,1,3,0,3
1262,65663.25,9,93.5,2.7356786442962084,2,0,-1,1
1263,46749.5,5,254.5,3.425838337911479,1,0,-1,3
1264,57327.0,18,233.66666666666666,4.116060065969676,3,1,-1,3
1265,53764.5,13,283.8333333333333,3.5126533874331507,1,1,0,3
1266,48817.5,7,135.0,3.228203254681996,2,0,-1,1
1267,67603.5,9,113.0,3.893815929340114,2,0,-1,1
1268,14533.75,13,271.25,2.968525518801335,0,2,-1,1
1269,56766.6,15,193.6,1.9874615616910414,2,0,-1,3
1270,79204.0,5,251.66666666666666,2.7365005498903874,2,0,-1,2
1271,88546.33333333333,9,168.66666666666666,3.2960780188770595,2,0,-1,1
1272,48834.166666666664,14,191.0,2.531691320951694,2,0,0,3
1273,73823.5,8,219.25,3.4747122774739703,2,0,-1,2
1274,36616.75,12,221.5,2.758637368753983,0,2,0,3
1275,40055.0,7,350.3333333333333,3.4570511229949292,1,3,-1,0
1276,46699.666666666664,8,355.3333333333333,3.6117402253006543,1,3,-1,2
1277,70791.0,19,343.875,2.7759529583473435,3,1,-1,3
1278,45482.166666666664,18,309.8333333333333,2.921364410468192,3,1,0,3
1279,71107.0,12,329.6666666666667,3.990128046518994,1,3,9,2
1280,59836.0,10,189.33333333333334,2.44821772388986,2,0,0,1
1281,65845.125,23,226.125,2.886491727597656,3,1,-1,3
1282,52603.666666666664,10,123.0,4.584828989425134,2,0,-1,1
1283,43605.2,16,103.2,1.8793507653976183,2,0,-1,0
1284,47476.71428571428,15,291.14285714285717,2.921553406849365,3,1,0,3
1285,45628.5,18,244.375,3.75627205869021,3,1,0,3
1286,48550.555555555555,26,237.33333333333334,3.2053813676040948,3,1,-1,3
1287,33164.5,10,262.75,2.813818266020494,0,2,4,3
1288,42091.0,12,95.25,2.8303006524256986,2,0,-1,3
1289,3150.0,2,193.0,2.185146934100197,0,2,-1,0
1290,55259.0,10,260.0,2.6444356226824275,2,0,0,3
1291,22346.333333333332,16,234.5,3.3046316147802863,0,1,-1,3
1292,35322.5,11,284.5,2.426444349723918,0,2,0,0
1293,66892.66666666667,15,156.83333333333334,3.0517758067136938,2,0,-1,3
1294,82626.0,5,348.5,2.5931289876766868,1,3,-1,2
1295,37770.125,21,359.625,1.9210428369868642,3,1,-1,1
1296,57193.142857142855,17,198.0,2.348453142080525,3,0,-1,3
1297,57556.666666666664,19,280.6666666666667,3.331489292893606,3,1,0,3
1298,43319.166666666664,14,358.6666666666667,3.2852398593966003,1,3,0,3
1299,30312.75,11,381.25,3.240279042922967,1,2,-1,0
1300,58186.8,15,152.4,3.0112638006847385,2,0,0,3
1301,62878.333333333336,17,300.3333333333333,2.9876759843319722,3,1,0,3
1302,54020.375,19,299.75,2.882442738558165,3,1,0,3
1303,40632.8,9,304.4,2.831438111387688,0,2,4,2
1304,39980.0,9,182.0,1.9799637420992287,0,0,-1,0
1305,34008.0,6,325.4,3.1174922848245257,0,2,-1,0
1306,39979.0,7,368.0,4.573597448648482,1,3,-1,0
1307,54736.833333333336,14,300.3333333333333,3.586415001970655,1,1,0,3
1308,51144.2,16,216.2,3.5622407499617808,3,1,0,3
1309,38949.666666666664,7,290.3333333333333,3.50617583980422,0,0,-1,0
1310,64396.666666666664,9,245.66666666666666,3.3801827622586544,1,0,-1,2
1311,52972.0,11,189.0,2.4739256809160635,2,0,0,3
1312,60954.833333333336,22,87.0,3.0566092194477306,3,1,-1,3
1313,63240.0,10,225.0,3.1873498350945564,2,0,-1,2
1314,53031.25,11,217.0,2.6850263551665305,2,0,0,3
1315,37974.0,11,345.4,2.939171641771549,1,2,-1,2
1316,67107.0,3,461.0,3.8277652320835074,1,3,-1,2
1317,43638.5,13,196.75,2.552255238381763,0,0,0,3
1318,56357.142857142855,20,207.0,2.876569797214443,3,1,0,3
1319,23025.5,8,355.5,3.7798493401414204,0,2,-1,0
1320,53274.333333333336,10,117.33333333333333,2.4822635942293068,2,0,-1,1
1321,48376.5,27,301.6,2.3156564456731417,3,1,-1,3
1322,40936.5,14,230.16666666666666,3.5510763002197674,3,1,0,3
1323,46271.5,12,275.8333333333333,3.1636588153263325,1,1,0,3
1324,55623.2,14,262.6,3.598426367993626,1,1,0,3
1325,63642.142857142855,17,243.85714285714286,3.251608145189298,3,1,0,3
1326,24765.5,5,321.0,1.962218194933167,0,2,-1,0
1327,78493.33333333333,9,191.66666666666666,2.3718739083939577,2,0,-1,1
1328,86859.5,3,53.0,3.041791738927534,2,0,-1,1
1329,63815.0,6,105.0,2.757105902000598,2,0,-1,1
1330,60819.6,15,267.4,2.7328098197439785,3,1,0,3
1331,45161.22222222222,22,160.55555555555554,3.21922718527388,3,1,-1,3
1332,42849.42857142857,18,249.57142857142858,3.7121056848693708,3,1,0,3
1333,50469.2,17,262.8,3.3475076433950712,3,1,0,3
1334,40928.25,11,217.5,1.9444438785558331,0,0,-1,0
1335,62909.4,13,188.2,2.663878501212936,2,0,0,3
1336,58477.0,10,186.66666666666666,3.6555755093081093,2,0,2,2
1337,45213.2,12,294.8,3.1905699679510895,1,1,0,3
1338,71414.0,15,282.4,2.2465636247167686,2,1,-1,3
1339,36873.142857142855,17,207.57142857142858,3.05264437307483,3,1,0,3
1340,48759.333333333336,27,224.55555555555554,2.3347888501185308,3,1,-1,3
1341,66264.8,9,326.0,3.4827289884295474,1,3,-1,2
1342,48995.5,12,391.0,2.634240931482733,1,3,-1,2
1343,51377.333333333336,6,298.3333333333333,3.71591723289964,1,3,3,2
1344,44957.71428571428,18,195.42857142857142,3.098525703460997,3,1,0,3
1345,37255.5,18,244.5,2.6928255191517483,3,1,0,3
1346,52566.333333333336,6,307.0,3.444877814408933,1,3,-1,2
1347,29214.0,14,240.83333333333334,3.348831588330641,0,1,0,3
1348,61454.8,10,292.8,2.5877315284653584,1,3,0,2
1349,29726.666666666668,12,245.5,2.163038221768801,0,2,-1,1
1350,34953.0,13,363.6,1.9609590745733594,0,2,-1,2
1351,76192.0,5,243.5,4.2502287397910825,1,3,-1,2
1352,70541.33333333333,9,329.6666666666667,2.685692377557223,1,3,-1,2
1353,62780.0,9,176.0,2.456484952815536,2,0,0,1
1354,55623.57142857143,23,228.14285714285714,3.4094151429562194,3,1,8,3
1355,51414.42857142857,19,252.42857142857142,2.6469786235847037,3,1,0,3
1356,53910.5,12,159.0,3.093886055147001,2,0,0,3
1357,50334.8,13,243.8,2.7448566274751416,3,1,0,3
1358,49659.57142857143,18,201.57142857142858,2.7085351323412543,3,1,0,3
1359,69630.75,25,244.125,3.0937341900122943,3,1,-1,3
1360,84581.0,8,335.3333333333333,3.09392594961886,1,3,-1,2
1361,57838.42857142857,20,197.0,3.845639596105541,3,1,-1,3
1362,73744.85714285714,25,244.0,2.9040531782690855,3,1,-1,3
1363,43741.0,11,299.75,2.1004017641216377,0,2,-1,2
1364,61285.0,3,257.5,3.5324669374461237,1,0,-1,2
1365,44911.833333333336,18,244.66666666666666,3.575382536986268,3,1,0,3
1366,43982.0,13,361.0,2.6518474832580603,1,3,0,2
1367,44108.666666666664,11,240.33333333333334,2.5733871981295042,0,0,0,3
1368,77767.33333333333,10,332.6666666666667,2.8628466148553833,1,3,-1,2
1369,63263.57142857143,18,273.7142857142857,2.6480755678286,3,1,0,3
1370,41911.75,7,305.25,2.9555321464534754,0,2,4,2
1371,61141.5,12,329.0,3.3767940556804072,1,3,-1,2
1372,56456.4,15,253.6,2.9893617080447057,3,1,0,3
1373,51530.666666666664,7,208.0,3.1465681496611264,2,0,0,3
1374,51291.4,13,203.2,3.3167725782003763,2,0,0,3
1375,63057.8,11,189.4,2.6216529792056,2,0,0,1
1376,58370.333333333336,18,247.5,2.542335864296819,3,1,0,3
1377,48729.333333333336,23,227.88888888888889,3.0843510063140047,3,1,0,3
1378,56057.333333333336,16,210.83333333333334,2.274740832293553,3,0,0,3
1379,78828.66666666667,12,215.33333333333334,3.2232561030393927,2,0,-1,2
1380,49475.0,8,308.3333333333333,3.7871135185509233,1,3,3,2
1381,68100.0,5,310.5,1.1342190742179528,2,0,-1,2
1382,45129.0,14,249.66666666666666,3.0667554348180803,3,1,0,3
1383,33962.0,4,91.0,3.916977863287938,0,0,-1,1
1384,59680.25,14,291.25,3.2664368889183675,1,1,0,3
1385,37348.25,9,237.75,1.8933944397232438,0,0,-1,0
1386,42025.142857142855,22,216.57142857142858,3.19534474290587,3,1,-1,3
1387,66040.5,6,88.0,1.7112712646074357,2,0,-1,1
1388,24520.5,3,168.5,3.877905543455065,0,2,-1,0
1389,80926.5,7,151.5,2.8494058439811596,2,0,-1,1
1390,59994.0,12,178.4,3.7895913276769377,2,0,2,2
1391,65045.0,14,131.25,3.801527609960246,2,0,-1,2
1392,33889.0,9,165.0,3.7638742975666672,0,2,-1,0
1393,60190.0,19,264.6666666666667,2.6537032478760825,3,1,0,3
1394,37501.25,20,194.0,3.2490570876925755,3,1,-1,3
1395,64751.5,10,238.0,3.7782383693449964,1,3,7,2
1396,49159.6,13,360.2,3.5505840716705537,1,3,-1,2
1397,69691.0,13,246.6,3.30363212911564,2,0,0,2
1398,46538.166666666664,14,219.66666666666666,2.9344652508051823,3,0,0,3
1399,63711.75,11,248.25,4.366289773933367,1,3,-1,2
1400,40263.2,13,209.6,2.4384967430083484,0,0,0,3
1401,40881.875,21,246.5,2.7477724015027016,3,1,0,3
1402,32328.0,10,189.0,3.102465354338921,0,2,-1,3
1403,47288.0,13,278.14285714285717,3.9263993442068283,1,3,-1,3
1404,70449.33333333333,14,331.6666666666667,3.8624908616238174,1,3,9,2
1405,35112.2,16,129.4,2.2034304480251,0,0,-1,3
1406,78528.5,6,37.0,3.058453825663884,2,0,-1,1
1407,66871.42857142857,22,353.42857142857144,3.6797124170226096,3,1,-1,3
1408,62920.0,3,356.5,3.3994211907476384,1,3,-1,2
1409,51434.5,20,185.33333333333334,2.742569492016289,3,1,0,3
1410,80139.66666666667,7,166.0,2.6417191926676766,2,0,-1,1
1411,44548.25,23,339.0,2.950203818064068,3,1,-1,3
1412,66760.0,7,297.0,3.4375932827179088,1,3,-1,2
1413,43345.333333333336,27,272.6666666666667,3.331992450260451,3,1,-1,3
1414,68040.75,17,309.0,3.280340515638234,1,1,0,3
1415,32960.8,15,207.8,3.3895331711273995,0,1,0,3
1416,52695.0,10,323.0,3.9054401280193387,1,3,3,2
1417,51125.0,9,83.25,1.9789033824758706,2,0,-1,1
1418,42902.75,11,399.25,3.2165541622390528,1,3,-1,0
1419,42607.25,22,170.0,2.8549740028179853,3,1,0,3
1420,37154.666666666664,9,216.0,3.1690704973407846,0,0,-1,3
1421,78671.66666666667,12,250.0,3.2535003249242425,2,0,-1,2
1422,57417.0,20,268.0,2.6600102702062434,3,1,0,3
1423,57007.25,25,305.125,3.1558314415890676,3,1,-1,3
1424,60777.666666666664,13,194.0,3.2034622288389243,2,0,0,3
1425,29340.333333333332,6,343.6666666666667,1.3904737088356536,0,2,-1,0
1426,26244.0,4,300.5,4.373175389492017,0,2,-1,0
1427,73038.5,6,308.0,2.5704847417164207,1,3,-1,2
1428,73246.2,7,247.4,3.4468527815321677,2,0,-1,2
1429,45219.5,7,150.75,3.0100596793944656,2,0,-1,1
1430,42156.0,26,253.88888888888889,2.9398795506605313,3,1,-1,3
1431,42670.5,8,178.25,3.4932728696191657,0,0,0,3
1432,52340.0,13,328.4,1.9303418702441033,3,2,-1,2
1433,40420.142857142855,13,242.85714285714286,3.5146047954668886,0,1,0,3
1434,59548.333333333336,10,320.3333333333333,4.449533508339985,1,3,-1,2
1435,77160.66666666667,12,219.66666666666666,3.0919509519700052,2,0,0,2
1436,42285.6,12,328.0,2.6622735133174036,1,3,0,2
1437,42257.6,18,154.8,3.031273278406515,3,1,-1,3
1438,54019.75,15,294.0,2.5522855868784116,3,1,0,3
1439,63673.0,4,279.0,2.989546780651854,1,3,-1,2
1440,33283.5,7,432.5,2.6750030802319285,1,2,-1,0
1441,45354.166666666664,13,309.1666666666667,2.6836303090236684,1,3,0,3
1442,41629.555555555555,26,227.33333333333334,3.368973944134907,3,1,-1,3
1443,42384.5,9,315.25,2.152743302395523,0,2,-1,0
1444,39731.5,12,237.25,2.7096145251486985,0,2,0,3
1445,58098.0,7,298.5,3.1986027260988403,1,3,0,2
1446,53278.0,28,322.625,3.2554313606510314,3,1,-1,3
1447,63402.5,10,320.5,3.4217555202413985,1,3,0,2
1448,74510.5,10,173.0,3.2400374126790163,2,0,-1,1
1449,16752.5,6,120.0,2.813045956568536,0,2,-1,0
1450,45314.71428571428,23,321.42857142857144,3.9085989385434403,3,1,-1,3
1451,54131.75,7,281.25,2.790561319915401,1,3,0,2
1452,37775.0,11,283.6666666666667,2.537428670800165,0,2,0,3
1453,54613.28571428572,20,292.0,2.6530820810305755,3,1,0,3
1454,36852.8,15,298.6,2.6220652059299328,0,1,0,3
1455,37188.0,12,142.75,3.0881411344822887,0,2,-1,3
1456,44474.857142857145,21,334.7142857142857,3.1785731313120142,3,1,-1,3
1457,38028.5,6,110.5,4.390387939233057,0,0,-1,1
1458,53123.5,13,290.5,3.2468909646496478,1,1,0,3
1459,21975.666666666668,8,340.0,2.7049544997147996,0,2,-1,0
1460,43077.5,29,133.875,2.466338549603136,3,1,-1,3
1461,45713.333333333336,17,343.8333333333333,3.6145342729789642,1,3,-1,3
1462,27848.0,7,221.0,2.4419236261717314,0,2,-1,0
1463,84891.75,9,343.25,2.5983880983276073,1,3,-1,2
1464,63068.625,23,245.125,3.240298049305377,3,1,-1,3
1465,36546.833333333336,17,182.0,2.6512414585565183,3,1,0,3
1466,75644.0,6,102.0,2.375831815689011,2,0,-1,1
1467,36177.71428571428,15,240.85714285714286,2.5314978046979633,0,2,0,3
1468,39847.8,8,162.8,3.741756022693187,0,2,-1,1
1469,50867.0,6,239.66666666666666,4.22933584062461,1,3,-1,2
1470,51846.083333333336,32,269.75,2.9514647693619374,3,1,-1,3
1471,47470.6,15,313.2,3.569965055446326,1,1,0,3
1472,32273.666666666668,14,196.66666666666666,3.2868689170259984,0,1,-1,3
1473,71464.4,14,304.0,2.960790991675419,1,1,0,3
1474,45111.333333333336,19,262.6666666666667,3.20382441600542,3,1,0,3
1475,67711.0,9,272.25,2.0371606988482274,2,0,-1,2
1476,53189.0,3,178.0,4.6249729204763685,2,0,-1,2
1477,43731.25,11,249.0,4.0977622237259155,1,3,-1,2
1478,38895.333333333336,7,460.6666666666667,2.211396585139348,1,2,-1,0
1479,36638.4,17,165.2,2.6147196080055033,3,1,0,3
1480,56695.0,12,130.4,2.7571541272763955,2,0,-1,3
1481,55524.625,22,167.125,2.44524406100643,3,1,-1,3
1482,62045.8,12,177.8,4.1109417474050485,2,0,-1,2
1483,46177.333333333336,15,183.83333333333334,3.258494664864877,3,1,0,3
1484,45160.857142857145,18,266.85714285714283,2.35336845656407,3,1,-1,3
1485,49921.25,9,294.5,2.7036799029787417,1,2,5,2
1486,39522.6,20,260.1,3.5980164486596693,3,1,0,3
1487,72498.4,12,236.2,3.073052343065482,2,0,0,2
1488,38033.90909090909,24,308.3636363636364,3.6245442423862837,3,1,-1,3
1489,64434.0,14,297.6666666666667,3.0474524786679265,1,1,0,3
1490,48115.5,16,330.125,3.3398582072785135,1,3,0,3
1491,33576.0,6,359.3333333333333,3.2764287239048167,1,2,-1,0
1492,23679.0,14,344.25,3.50192967373886,0,2,-1,3
1493,55078.75,24,250.625,2.4660508082831103,3,1,-1,3
1494,55525.0,16,195.6,2.4826735625365637,3,0,-1,3
1495,49899.8,12,353.6,3.4852731963387575,1,3,-1,2
1496,47450.0,6,362.3333333333333,3.884574911762884,1,3,-1,2
1497,45885.166666666664,16,201.33333333333334,3.110664694420254,3,1,0,3
1498,53279.0,6,232.66666666666666,2.920171504774252,2,0,0,3
1499,19216.0,6,129.66666666666666,3.1721448800563525,0,2,-1,0
1500,48298.333333333336,16,208.0,3.349516144047415,3,1,0,3
1501,49733.0,14,229.0,3.8147314001518966,3,1,-1,3
1502,50726.6,15,278.8,3.4069569739251335,3,1,0,3
1503,34447.0,10,248.33333333333334,4.15271349053278,0,3,-1,0
1504,53183.375,22,181.625,3.1451929308104076,3,1,0,3
1505,44237.625,21,247.0,2.6904681273123554,3,1,0,3
1506,36115.57142857143,21,276.7142857142857,3.651769245918872,3,1,0,3
1507,35886.8,20,288.5,3.133984255003015,3,1,-1,3
1508,76250.75,8,229.5,2.8202451223494602,2,0,-1,2
1509,55774.0,11,225.75,2.8603537915042665,2,0,0,3
1510,52527.8,31,271.4,2.3416946943952097,3,1,-1,3
1511,82207.0,1,275.0,2.39141713622384,2,3,-1,2
1512,29937.8,14,248.4,3.7008414739746898,0,1,-1,3
1513,63364.142857142855,18,243.71428571428572,2.3668074077535692,3,1,0,3
1514,48430.333333333336,16,300.6666666666667,3.006367198342472,3,1,0,3
1515,52704.71428571428,17,252.85714285714286,3.344726586870098,3,1,0,3
1516,54954.5,10,226.5,2.720862893964282,2,0,0,3
1517,42959.57142857143,17,270.85714285714283,3.1661999486332495,3,1,0,3
1518,29023.8,19,154.2,3.2297031424432645,3,1,-1,3
1519,52979.57142857143,20,288.0,2.969879925460414,3,1,0,3
1520,44332.75,18,235.375,3.1565393882514914,3,1,0,3
1521,60866.75,10,303.25,3.0840046732679545,1,3,0,2
1522,48142.857142857145,15,284.2857142857143,3.612940486362956,1,1,0,3
1523,52229.6,26,310.1,2.561841814621204,3,1,-1,3
1524,40992.5,5,290.5,2.7912804225290637,0,2,4,0
1525,50731.0,4,427.0,3.4439039483283977,1,3,-1,2
1526,63123.71428571428,16,216.42857142857142,2.133067467391465,2,0,0,3
1527,47639.5,10,210.0,2.4468807320613832,0,0,0,3
1528,50207.0,10,239.0,2.622547251848438,0,0,0,3
1529,75899.0,4,145.0,3.5115874935520908,2,0,-1,1
1530,23633.0,13,291.0,3.366559954280298,0,2,-1,3
1531,48113.75,10,352.5,2.561818475677537,1,3,0,2
1532,50815.6,16,139.0,2.4398888925802393,2,0,-1,3
1533,49194.6,13,194.6,2.492694646619044,2,0,0,3
1534,60719.125,22,235.75,2.956405437733233,3,1,-1,3
1535,69397.28571428571,21,302.0,2.941470339254874,3,1,-1,3
1536,60004.166666666664,14,234.5,3.645289176308878,1,1,0,3
1537,69221.0,5,89.0,2.394957045310154,2,0,-1,1
1538,72153.33333333333,17,152.33333333333334,2.3468849064937607,2,0,-1,3
1539,55751.857142857145,14,304.57142857142856,3.8832973814382146,1,3,-1,2
1540,55611.0,7,272.3333333333333,3.6974390110575768,1,3,-1,2
1541,41825.0,2,332.0,1.4078765407691782,0,2,-1,0
1542,46146.142857142855,22,209.85714285714286,2.8398311529225078,3,1,0,3
1543,68779.0,3,123.5,2.8909264049009282,2,0,-1,1
1544,58575.333333333336,7,182.0,2.0183952309811435,2,0,-1,1
1545,45123.5,9,204.5,3.458569148720507,0,0,0,3
1546,57264.666666666664,7,134.0,2.1166702679366436,2,0,-1,1
1547,84800.0,2,39.0,4.405862961520635,2,0,-1,1
1548,36122.28571428572,21,206.57142857142858,3.790913457823249,3,1,-1,3
1549,51851.5,2,317.0,2.2557994837764963,1,2,-1,2
1550,34870.5,2,463.5,2.1447030845639903,1,2,-1,0
1551,76217.4,19,241.6,2.8864522814337708,3,1,-1,3
1552,47331.5,10,241.0,3.2157411882472675,0,1,0,3
1554,83730.0,3,193.0,1.0184492674982375,2,0,-1,1
1555,58674.333333333336,16,299.5,2.9736534596609023,3,1,0,3
1556,91917.0,3,25.0,1.5678166345543798,2,0,-1,1
1557,26331.333333333332,6,219.66666666666666,3.0760611593313776,0,2,-1,0
1559,49244.25,10,255.25,3.138314743314524,1,1,0,3
1560,40339.75,12,273.0,2.4257172742103403,0,2,0,3
1561,42430.2,15,395.2,2.7441419323122958,1,3,-1,2
1562,43768.375,21,205.5,2.8987753667637617,3,1,0,3
1563,16942.25,7,313.25,3.6029516784346844,0,2,-1,0
1564,64380.333333333336,4,158.33333333333334,2.8856895001159657,2,0,-1,1
1565,64101.0,6,171.0,3.103725291355632,2,0,-1,1
1566,58376.0,10,148.5,3.4999583523911824,2,0,2,1
1567,55102.0,6,256.0,2.340888569043584,2,0,-1,2
1568,64429.333333333336,16,163.5,3.0182671790262,2,0,0,3
1569,46623.0,1,428.0,2.875671375867523,1,2,-1,2
1570,64564.416666666664,34,320.1666666666667,3.3236080763629645,3,1,-1,3
1571,52025.75,12,214.25,2.46743825612376,2,0,0,3
1572,62076.25,11,175.25,2.7128580407221055,2,0,0,1
1573,48106.333333333336,13,265.3333333333333,3.5710985175555954,1,1,0,3
1574,53877.666666666664,8,301.3333333333333,2.7694844745804073,1,3,0,2
1575,55497.25,23,278.125,2.8829888270122335,3,1,0,3
1576,94960.0,1,386.0,4.766307044275095,1,3,-1,2
1577,64986.0,17,324.3333333333333,2.119542821840613,3,1,-1,3
1578,53958.0,20,259.75,3.3064142554686287,3,1,-1,3
1579,34979.857142857145,17,252.42857142857142,3.121800670385615,3,1,0,3
1580,43137.5,18,300.0,2.8243113808662277,3,1,0,3
1581,22307.0,10,265.5,3.1069254252250995,0,2,-1,0
1582,74487.16666666667,10,290.5,3.4945877492824753,1,3,-1,2
1583,43579.8,12,206.4,2.760787965374684,0,0,0,3
1584,38631.11111111111,20,150.77777777777777,2.89552677371848,3,1,-1,3
1585,47884.25,6,282.5,3.2271984145994326,1,2,-1,2
1586,42191.75,7,397.5,2.6208177296856245,1,2,-1,0
1587,37912.833333333336,16,204.0,2.712822622417251,3,1,0,3
1588,40454.0,1,32.0,1.2504909378233733,2,2,-1,1
1589,31227.0,10,337.5,2.405597600112797,0,2,-1,0
1590,10078.0,1,438.0,4.290434389464227,1,2,-1,0
1591,2640.0,3,378.0,4.702028512333777,0,2,-1,0
1592,46070.22222222222,18,251.55555555555554,3.0789884888418215,3,1,0,3
1593,67144.83333333333,17,270.6666666666667,3.0144404633865918,3,1,0,3
1594,24960.0,1,293.0,3.2068396386334435,0,2,-1,0
1595,68365.0,7,246.0,2.27573932232202,2,0,0,2
1596,46478.5,10,209.75,3.6361014593420924,0,0,0,3
1597,64591.5,5,351.0,3.71265668923354,1,3,-1,2
1598,28176.5,17,260.5,3.3566305399789638,3,1,-1,3
1599,78498.4,16,388.4,3.6233647240352695,1,3,-1,0
1600,62966.2,16,299.8,3.3139920960345157,1,1,0,3
1601,59845.666666666664,9,161.33333333333334,2.602239391546661,2,0,0,1
1602,67694.75,9,255.5,2.4733895527955223,2,0,0,2
1603,51332.0,12,269.8,3.0560840152821123,1,1,0,3
1604,70518.0,16,134.0,2.919152415687087,2,0,-1,3
1605,63810.75,10,266.25,2.764260375207319,2,3,0,2
1606,42834.4,18,295.0,3.809535631570422,3,1,-1,3
1607,40560.28571428572,19,295.2857142857143,3.7438458310638576,3,1,-1,3
1608,66501.33333333333,15,342.6666666666667,3.063043750615801,1,1,-1,3
1609,46932.25,12,259.0,2.2391436620642784,0,0,-1,3
1610,72457.2,15,357.4,2.8695362972059657,1,1,-1,3
1611,58370.4,16,267.2,3.961125645009685,1,1,-1,3
1612,37068.375,16,247.0,3.416499422601706,3,1,0,3
1613,89345.0,1,18.0,2.9766682012447268,2,0,-1,1
1614,51030.0,6,249.66666666666666,3.1588393680812907,1,0,0,3
1615,40492.6,14,198.2,2.549059296104,0,0,0,3
1616,71272.4,10,195.6,2.787432468054101,2,0,1,1
1617,37091.666666666664,8,149.0,2.4939616354869805,0,0,-1,0
1618,56932.25,9,281.5,3.384952519581047,1,3,0,2
1619,65732.33333333333,20,325.5,2.6329932983896156,3,1,-1,3
1620,59890.28571428572,18,361.57142857142856,2.3707611645249496,3,1,-1,3
1621,37214.666666666664,10,202.83333333333334,2.5759065221019486,0,0,-1,3
1622,35203.0,23,245.5,3.193750667872699,3,1,-1,3
1623,53394.75,5,250.0,3.032221337009537,2,0,-1,2
1624,44030.75,7,157.75,2.451816850095248,0,0,6,1
1625,30805.571428571428,17,293.42857142857144,2.6553207435956816,3,1,-1,3
1626,32505.0,11,220.25,3.392973106815173,0,1,-1,3
1627,1380.0,1,148.0,2.011078232843467,0,2,-1,0
1628,72007.25,6,331.25,3.3081687967395292,1,3,-1,2
1629,49627.0,10,217.0,3.1842819666302167,2,0,0,3
1630,72696.75,10,235.5,3.0621825414561203,2,0,0,2
1631,55729.142857142855,17,243.0,3.026142252407373,3,1,0,3
1632,73560.5,9,348.0,2.9696785570685282,1,3,-1,2
1633,50116.166666666664,17,316.6666666666667,2.5742957635346713,3,1,0,3
1634,42477.875,22,286.375,3.546522263173687,3,1,-1,3
1635,50230.555555555555,21,139.0,3.292553258978341,3,1,-1,3
1636,79648.33333333333,16,277.6666666666667,3.6994799908991833,1,3,-1,2
1637,26785.666666666668,8,241.33333333333334,3.542910796981758,0,2,-1,0
1638,42777.6,10,137.2,2.498040338195234,0,0,-1,1
1639,53435.0,21,181.25,2.976865640209332,3,1,0,3
1640,64378.0,8,307.0,2.769020807401862,1,3,-1,2
1641,54423.5,6,248.5,2.316776339005418,2,0,-1,2
1642,36184.57142857143,19,237.57142857142858,2.7983153890967665,3,1,0,3
1643,43000.833333333336,14,273.1666666666667,2.1597568968920666,0,0,-1,3
1644,55043.0,9,251.66666666666666,2.5631901271691024,2,0,0,2
1645,46338.125,20,268.375,2.3360014303245817,3,1,-1,3
1646,47538.0,4,335.5,1.7310219046330353,0,2,-1,2
1647,14165.5,6,222.0,4.2568293622262345,0,2,-1,0
1648,52664.8,11,215.2,3.288512228038298,2,0,0,3
1649,27912.0,4,151.0,3.5346645111620045,0,2,-1,0
1650,41321.375,22,202.625,3.8468699131501967,3,1,-1,3
1651,35033.75,12,327.75,2.5636071405686005,0,2,-1,2
1652,42473.77777777778,25,266.22222222222223,3.2223206738644747,3,1,-1,3
1653,74127.42857142857,19,242.42857142857142,2.722587062962758,3,1,-1,3
1654,60143.666666666664,8,310.3333333333333,3.323845347332467,1,3,0,2
1655,61987.666666666664,7,194.0,2.992492695305696,2,0,-1,1
1656,34666.666666666664,9,240.33333333333334,2.8674435805336382,0,2,4,3
1657,46777.25,16,150.75,2.2486234503217575,2,0,-1,3
1658,39011.666666666664,5,262.3333333333333,2.865324148079299,0,2,4,0
1659,37809.57142857143,16,240.14285714285714,3.3528346468353583,3,1,0,3
1660,59998.5,20,372.5,3.0314413695955578,3,1,-1,3
1661,60330.0,12,258.8,3.4643105347596843,1,0,7,2
1662,39375.666666666664,9,167.33333333333334,2.7012765537044268,0,0,-1,3
1663,48768.333333333336,5,162.66666666666666,3.186115700082409,2,0,-1,1
1664,53530.77777777778,18,280.77777777777777,2.4621503713475152,3,1,0,3
1665,46603.0,34,300.0,2.8592782096333984,3,1,-1,3
1666,57966.42857142857,16,304.14285714285717,2.627731455709838,3,1,0,3
1667,74509.5,10,265.75,3.0593403006845428,2,0,0,2
1668,35949.0,8,251.0,2.993352149486964,0,2,4,3
1669,45558.71428571428,16,174.0,3.566803905621625,3,1,-1,3
1670,47858.666666666664,10,208.66666666666666,2.7083362540321705,0,0,0,3
1671,76630.5,7,129.0,3.933051780723155,2,0,-1,1
1672,60974.8,10,212.4,2.7753304256692433,2,0,0,3
1673,57186.75,8,183.0,2.909946449654904,2,0,-1,1
1674,41028.0,10,266.75,3.684047062712495,1,0,0,3
1675,45127.5,15,184.0,1.8564412696037882,0,0,-1,3
1676,59600.0,12,201.25,2.9189444584525055,2,0,0,3
1677,44946.25,12,209.25,1.960295363764609,0,0,-1,1
1678,63136.5,12,140.66666666666666,3.013669515393829,2,0,-1,1
1679,56672.333333333336,13,191.83333333333334,3.5173204146715684,2,0,0,3
1680,15475.0,1,397.0,2.8988136317538187,0,2,-1,0
1681,56023.0,16,218.875,3.441552918341042,3,1,0,3
1682,52715.0,4,214.5,3.640807314843512,2,0,-1,2
1683,37270.6,9,175.4,2.966085892668381,0,0,-1,3
1684,35274.0,9,406.6666666666667,3.5617787513227923,1,2,-1,0
1685,42158.71428571428,16,300.42857142857144,2.940875022711514,3,1,0,3
1686,59714.857142857145,15,182.57142857142858,3.1687234774493724,2,0,0,3
1687,35097.75,13,189.0,2.414867154588947,0,0,0,3
1688,35728.333333333336,14,230.66666666666666,3.19330671413976,0,1,0,3
1689,61988.8,13,308.4,3.501966454956257,1,3,-1,2
1690,54220.333333333336,21,222.11111111111111,2.690492428821637,3,1,0,3
1691,48602.0,13,234.0,3.8567432491359397,1,1,-1,3
1692,74618.33333333333,9,247.0,4.579245700454348,1,3,-1,2
1693,61345.4,13,275.6,2.4130578993596665,2,0,-1,3
1694,87124.0,6,183.5,4.338761455744626,2,3,-1,2
1695,40359.6,13,276.6,2.62414257248146,0,2,0,3
1696,57705.5,11,341.25,2.8597422906147583,1,3,0,2
1697,53717.25,11,197.5,3.059441867237632,2,0,0,3
1698,47984.0,7,168.0,2.686424121972515,2,0,6,1
1699,14447.666666666666,7,68.0,1.8657172734662444,0,2,-1,0
1700,69622.2,11,209.8,2.4144634411456547,2,0,1,1
1701,20791.666666666668,7,273.0,2.2336613765866065,0,2,-1,0
1702,49349.8,9,231.8,2.987194166189812,0,0,0,3
1703,56807.0,18,145.28571428571428,3.201199542722977,3,1,-1,3
1704,40164.2,15,208.2,2.816971785543132,0,1,0,3
1705,35709.0,16,255.0,2.9261811770142847,3,1,0,3
1706,51419.5,10,107.0,2.2001953938399668,2,0,-1,1
1707,41984.25,12,323.25,2.9972010641968856,1,3,0,3
1708,52389.666666666664,12,168.33333333333334,2.8484638981155146,2,0,-1,3
1709,33950.5,2,205.5,2.054788903518377,0,0,-1,0
1710,66256.25,11,243.75,2.773313188411518,2,0,0,2
1711,64181.5,8,138.0,4.338043889745249,2,0,-1,1
1712,45806.75,10,150.5,2.1064719045807045,2,0,-1,1
1713,50750.333333333336,7,368.6666666666667,2.6111901741290335,1,2,-1,2
1714,54377.0,5,218.33333333333334,2.4060712063905556,2,0,-1,2
1715,38588.833333333336,14,245.83333333333334,2.6142079182176814,0,2,0,3
1716,29171.571428571428,20,228.0,3.908591934188259,3,1,-1,3
1717,41261.0,8,332.25,3.195842146994604,1,2,-1,2
1718,46978.166666666664,16,243.66666666666666,3.2970818632359626,3,1,0,3
1719,43063.833333333336,13,203.66666666666666,3.030277487746403,0,0,0,3
1720,49220.2,11,270.8,3.255916883485052,1,1,0,3
1721,47855.4,16,186.0,3.211571040745324,3,1,0,3
1722,84608.25,10,298.5,4.322898463033681,1,3,-1,2
1723,52693.75,8,304.25,4.016055375854,1,3,3,2
1724,31128.428571428572,19,304.0,4.085340069307089,3,1,-1,3
1725,44910.77777777778,24,179.44444444444446,2.8975358488971303,3,1,0,3
1726,42279.25,7,216.25,3.2411832324460397,0,0,-1,3
1727,23906.333333333332,8,195.0,3.4802039098120434,0,2,-1,0
1728,54894.142857142855,21,310.2857142857143,2.8682177913130897,3,1,0,3
1729,50948.4,10,308.0,3.980252123112429,1,3,3,2
1730,82170.0,2,314.0,2.409281251123734,1,3,-1,2
1731,37526.28571428572,10,320.7142857142857,3.31449776662528,1,2,-1,0
1732,69785.0,3,131.0,1.3655331523449852,2,0,-1,1
1733,53431.857142857145,15,312.14285714285717,2.2383601738648378,3,2,-1,3
1734,84568.0,8,37.0,2.391137955292296,2,0,-1,1
1735,45053.0,6,319.3333333333333,3.07123929539418,1,2,4,2
1736,49158.0,10,353.25,2.7087111136777997,1,3,0,2
1737,56459.444444444445,19,329.77777777777777,2.9551104616629966,3,1,0,3
1738,10916.0,4,139.0,1.9676707710857,0,2,-1,0
1739,67916.66666666667,10,257.1666666666667,2.406135690625351,2,0,0,2
1740,61339.25,19,298.5,2.2254676873766734,3,1,-1,3
1741,61132.0,10,336.25,2.687109418567024,1,3,0,2
1742,72566.0,11,427.75,3.101851641904493,1,3,-1,2
1743,45136.0,12,329.5,2.150560787802787,0,2,-1,2
1744,62710.6,16,282.6,1.6930615071665034,3,1,-1,1
1745,24020.0,12,223.0,2.434955643110941,0,2,-1,1
1746,45619.0,2,302.0,3.8944121946372015,1,3,-1,2
1747,55670.42857142857,17,268.0,3.0245100238671183,3,1,0,3
1748,16880.0,3,321.0,1.315811935032055,0,2,-1,0
1749,23361.2,11,273.8,2.379139500510054,0,2,-1,0
1750,41798.5,6,245.0,3.6236051279109875,0,0,-1,3
1751,62109.36363636364,27,252.27272727272728,2.559445849017447,3,1,-1,3
1752,62542.0,13,233.57142857142858,3.588584759093952,1,1,-1,2
1753,76485.2,15,255.2,3.02439237587956,2,0,-1,3
1754,69622.0,10,244.5,2.942887960529973,2,0,0,2
1755,49111.25,18,268.125,2.7673552544204814,3,1,0,3
1756,61569.5,6,339.0,3.4010811349694228,1,3,-1,2
1757,64860.6,10,165.4,2.1981434977205994,2,0,-1,1
1758,34855.4,13,265.4,3.3588406268788966,0,1,-1,3
1759,54574.5,19,265.5,3.8108776340422774,3,1,-1,3
1760,51253.5,17,227.66666666666666,2.6987675969259293,3,1,0,3
1761,38071.5,7,146.5,1.8574786280669486,0,0,-1,0
1762,31359.777777777777,20,255.77777777777777,3.571517488421713,3,1,-1,3
1763,49957.57142857143,13,197.28571428571428,3.155990486135329,2,0,0,3
1764,58557.5,14,283.25,2.6726492967012305,3,1,0,3
1765,58945.22222222222,22,323.6666666666667,3.0927385089742785,3,1,0,3
1766,60298.71428571428,17,251.42857142857142,2.455863431151827,3,1,0,3
1767,52202.666666666664,5,167.66666666666666,3.8759245700101084,2,0,-1,1
1768,38792.666666666664,8,266.3333333333333,2.446828442756928,0,2,-1,0
1769,58401.666666666664,14,210.16666666666666,2.8596831793571735,2,0,0,3
1770,56778.5,19,160.66666666666666,3.533501880894267,3,1,-1,3
1771,47809.142857142855,11,200.71428571428572,2.852753946553811,2,0,0,3
1772,31917.5,10,328.5,3.014080815175491,0,2,-1,0
1773,37451.666666666664,12,409.6666666666667,1.58611916970146,0,2,-1,0
1774,15911.0,4,189.5,1.8623737792109674,0,2,-1,0
1775,67037.66666666667,7,202.33333333333334,3.527790581845101,2,0,-1,2
1776,44975.666666666664,5,273.3333333333333,3.1936941937384873,0,2,-1,3
1777,5547.0,3,434.0,2.260387145268621,0,2,-1,0
1778,67932.33333333333,6,249.0,2.470799588154452,2,0,-1,2
1779,56649.28571428572,21,155.71428571428572,2.768422377397227,3,1,0,3
1780,33931.5,19,210.16666666666666,2.672858419221566,3,1,0,3
1781,63738.2,21,368.1,2.8759024884054347,3,1,-1,3
1782,66386.28571428571,14,233.14285714285714,3.189174561880698,2,0,0,3
1783,7070.5,4,468.0,2.8221736833062376,0,2,-1,0
1784,46361.8,16,332.4,2.3384256339094236,3,2,-1,3
1785,58172.0,8,264.3333333333333,3.3166688802752113,1,3,-1,2
1786,48269.2,14,382.4,2.6765019416635227,1,3,-1,2
1787,68287.0,17,267.0,2.4107527788887375,3,1,0,3
1788,28640.285714285714,21,374.57142857142856,3.1125486583177477,3,1,-1,3
1789,70791.5,9,258.0,3.7612006695365876,1,3,-1,2
1790,56678.22222222222,25,277.6666666666667,2.3714806862448516,3,1,-1,3
1791,66622.0,12,306.0,2.9871103741866385,1,1,0,2
1792,50700.28571428572,17,168.14285714285714,2.8276843719875058,3,1,-1,3
1793,62876.0,10,250.75,2.4354071731736453,2,0,0,2
1794,32063.666666666668,21,311.44444444444446,3.240611458272798,3,1,-1,3
1795,44200.77777777778,20,253.33333333333334,3.3352337128723883,3,1,0,3
1796,50514.28571428572,15,183.71428571428572,3.076919895613753,3,1,0,3
1797,37271.0,15,140.0,2.994788116680625,0,1,-1,3
1798,21282.5,2,235.5,3.329437794179551,0,2,-1,0
1799,52403.2,24,262.4,2.7576942168155223,3,1,0,3
1800,67606.5,7,97.0,2.819711422437199,2,0,-1,1
1801,49922.833333333336,17,291.5,3.1632187808421404,3,1,0,3
1802,48648.2,14,171.0,2.7647585867138718,2,0,0,3
1803,59765.0,4,269.5,2.6800664090479698,2,3,-1,2
1804,46763.25,13,339.75,2.005999569162154,0,2,-1,2
1805,65137.0,6,437.0,2.6086970886735696,1,3,-1,2
1806,36728.181818181816,24,218.1818181818182,3.3653222829575427,3,1,-1,3
1807,68104.0,11,221.33333333333334,2.712849432269677,2,0,0,2
1808,59716.5,7,214.5,3.4131199293417884,2,0,-1,2
1809,52657.8,17,224.6,3.8434719058937623,3,1,0,3
1810,41958.4,14,297.6,2.7972288262622502,3,1,0,3
1811,48360.333333333336,12,169.33333333333334,2.15612757978402,2,0,-1,1
1812,59249.8,10,242.6,3.5829195458302174,1,0,7,2
1813,61810.2,13,332.8,3.6868849250510367,1,3,9,2
1814,60451.0,10,262.5,4.291033252550532,1,3,-1,2
1815,43187.4,10,215.4,2.1464192592145848,0,0,-1,1
1816,53478.0,7,267.3333333333333,2.1659982849407258,2,0,-1,2
1817,42074.4,10,308.0,3.8617991016152757,1,3,-1,2
1818,42914.75,19,252.5,3.6793180611291,3,1,0,3
1819,53863.666666666664,7,396.3333333333333,2.219607781055475,1,2,-1,2
1820,47416.166666666664,12,296.8333333333333,2.9299732023705602,1,3,0,3
1821,45840.833333333336,13,276.3333333333333,2.1896869203527447,0,0,-1,2
1822,54972.5,4,40.0,3.0448775380364923,2,0,-1,1
1823,46847.4,14,270.2,3.2801632747242238,3,1,0,3
1824,61607.5,16,224.66666666666666,2.393456855114006,3,1,0,3
1825,74161.25,10,194.25,2.8601846915186515,2,0,1,1
1826,45023.5,14,241.33333333333334,1.9466972211624445,0,0,-1,1
1827,56106.833333333336,16,225.16666666666666,2.9860982263710234,3,1,0,3
1828,38019.6,7,334.0,2.1581009571589385,0,2,-1,0
1829,61047.0,4,237.5,3.4851255988301486,2,0,-1,2
1830,56289.28571428572,19,243.28571428571428,2.834170748137205,3,1,0,3
1831,38244.5,4,154.0,3.180962689970557,0,0,-1,3
1832,28451.75,9,138.5,3.0457077695573203,0,2,-1,0
1833,42441.4,12,229.8,3.286051321194121,0,0,0,3
1834,55233.25,12,203.75,2.595797535595123,2,0,0,3
1836,49335.333333333336,13,207.5,2.9428162655176338,2,0,0,3
1837,39675.833333333336,16,196.16666666666666,2.531011620159422,3,1,0,3
1838,30737.333333333332,7,432.6666666666667,2.0972585167948044,0,2,-1,0
1839,48907.8,12,207.6,3.396214733568521,2,0,0,3
1840,45458.5,21,253.625,3.0443727407660206,3,1,0,3
1841,53433.5,7,301.0,3.0812110153405277,1,3,0,2
1842,39755.28571428572,18,245.14285714285714,3.6758330122359295,3,1,0,3
1843,38433.5,8,104.0,3.13431347283516,0,2,-1,1
1844,57718.333333333336,7,264.0,3.876775308817751,1,3,3,2
1845,44986.666666666664,11,345.0,2.2879104948155864,1,2,-1,2
1846,38150.5,23,358.75,4.202703805997647,3,1,-1,3
1847,35905.666666666664,7,164.0,2.390972494994029,0,0,-1,0
1848,55605.5,8,400.0,1.8985948149462355,1,2,-1,2
1849,29186.333333333332,12,274.0,2.9760677852629502,0,2,-1,3
1850,67042.33333333333,5,183.66666666666666,4.270607448145248,2,0,-1,2
1851,40914.8,26,228.2,3.351236424061111,3,1,-1,3
1852,44860.5,22,180.375,2.8010586040467373,3,1,0,3
1853,71416.0,6,269.0,3.9296194353829432,1,3,-1,2
1854,64241.833333333336,18,347.5,2.945902925722878,1,1,-1,3
1855,51527.8,13,210.6,3.143102293752525,2,0,0,3
1856,35361.0,9,260.0,2.468689996725518,0,2,0,0
1857,75834.5,8,264.75,2.034072429491993,2,0,-1,2
1858,59068.857142857145,22,358.14285714285717,2.5802320070795823,3,1,-1,3
1859,27072.4,11,179.4,2.9810442191043283,0,2,-1,3
1860,47964.25,9,292.75,3.1993280829155775,1,1,0,2
1861,42443.375,17,260.875,3.358942530970565,3,1,0,3
1862,60912.75,10,306.75,3.0876248608099557,1,3,0,2
1863,61962.71428571428,16,314.42857142857144,3.0618293954559723,1,1,0,3
1864,46431.75,11,338.25,2.7480087138045532,1,3,0,2
1865,39372.444444444445,28,255.66666666666666,3.067427542923574,3,1,-1,3
1866,59017.166666666664,14,172.16666666666666,2.971088162374342,2,0,0,3
1867,66688.5,17,265.375,2.5410912130076087,3,1,0,3
1868,56123.666666666664,8,415.3333333333333,3.6771393225325997,1,3,-1,2
1869,56266.6,11,307.0,2.852991334141837,1,3,0,2
1870,32178.5,15,264.1666666666667,2.1663925938667443,0,2,-1,1
1871,51481.0,12,147.0,3.1844571611364447,2,0,-1,3
1872,52503.71428571428,15,261.42857142857144,2.313357224363802,3,0,-1,3
1873,46115.0,10,344.0,4.26814334288339,1,3,-1,2
1874,41904.625,29,313.375,2.578167467667931,3,1,-1,3
1875,59610.0,10,194.5,2.4772601178744975,2,0,0,1
1876,56983.625,21,182.25,2.8805857763482487,3,1,0,3
1877,46980.25,15,319.75,2.7996217595038706,3,3,0,3
1878,28896.2,16,215.4,2.424280404922379,0,2,-1,3
1879,49642.833333333336,15,338.1666666666667,2.9734518968387236,1,3,0,3
1880,55512.6,9,285.0,2.993097368603712,1,3,0,2
1881,49879.2,10,279.0,3.8726544531648104,1,3,3,2
1882,12483.0,4,254.0,2.300926914601232,0,2,-1,0
1883,68883.33333333333,5,184.33333333333334,4.722444432359667,2,0,-1,2
1884,51391.0,12,326.8333333333333,2.902849079155916,1,3,0,3
1885,47927.5,7,196.0,3.0765199158018484,2,0,0,3
1886,53435.77777777778,22,305.55555555555554,3.0360560387964477,3,1,0,3
1887,39634.4,23,209.8,2.99839112182163,3,1,-1,3
1888,63169.5,8,171.0,3.1193111335782486,2,0,-1,1
1889,55947.25,8,267.5,3.1137681097170518,1,3,0,2
1890,71631.33333333333,17,290.1666666666667,2.795909877436657,3,1,-1,3
1891,32364.5,5,245.5,3.5572797973258945,0,2,-1,0
1892,49687.666666666664,14,259.5,2.959776480948141,3,1,0,3
1893,20477.0,7,205.66666666666666,2.9397016592825156,0,2,-1,0
1894,36532.2,7,278.6,2.8116756026275267,0,2,4,0
1895,33826.57142857143,16,284.42857142857144,3.167271233390078,3,2,0,3
1896,35273.88888888889,22,163.11111111111111,2.5192347132522475,3,1,-1,3
1897,35138.0,19,279.5,2.5447549094229145,3,1,-1,3
1898,53943.75,16,221.375,3.648914956420298,3,1,0,3
1899,72895.375,20,294.375,2.6377201097196146,3,1,-1,3
1900,57621.5,5,241.25,1.7376531748586843,2,0,-1,2
1901,35003.0,11,295.5,3.057123668594168,0,2,-1,3
1902,34496.0,3,187.0,2.7492640454954533,0,0,-1,0
1903,77819.33333333333,9,200.66666666666666,3.480182054513264,2,0,-1,2
1904,37604.857142857145,19,330.14285714285717,2.9171849912079333,3,1,-1,3
1905,25939.75,10,302.5,2.99035854693631,0,2,-1,0
1906,55129.75,18,250.375,3.0134786022494278,3,1,0,3
1907,57060.444444444445,26,212.44444444444446,3.4808202471407075,3,1,-1,3
1908,32245.5,8,148.5,2.2241117652077373,0,0,-1,0
1909,42137.333333333336,11,115.66666666666667,4.009615583736241,2,2,-1,1
1910,41630.5,15,215.66666666666666,2.912738393132844,3,1,0,3
1911,54134.0,20,213.57142857142858,3.362081402375732,3,1,8,3
1912,50649.0,9,254.33333333333334,1.749100006656608,0,0,-1,2
1913,62502.5,14,285.0,3.5175315610189575,1,3,0,3
1914,45270.333333333336,5,211.66666666666666,2.865732360493455,0,0,-1,3
1915,41594.0,16,269.5,2.656033600346496,3,1,0,3
1916,31123.571428571428,15,193.57142857142858,3.1500823395258926,0,1,-1,3
1917,45884.75,12,231.25,3.1513858449997807,0,0,0,3
1918,34401.4,12,248.8,3.2353794992204117,0,1,0,3
1919,43337.833333333336,11,199.33333333333334,3.347124281274997,0,0,0,3
1920,57841.333333333336,16,343.6666666666667,3.5464139758836044,1,3,-1,3
1921,46272.666666666664,6,192.33333333333334,2.5277714866938545,0,0,6,3
1922,45030.333333333336,6,168.0,2.8478454145836007,0,0,6,3
1923,47555.833333333336,18,224.5,3.005886516884092,3,1,0,3
1924,62855.0,18,133.71428571428572,3.2101695636969763,2,1,-1,3
1925,35696.25,12,131.0,3.3717113054549523,0,2,-1,3
1926,29426.2,13,126.8,3.713711676943164,0,2,-1,3
1927,45333.166666666664,14,347.1666666666667,3.07703676341414,1,3,0,3
1928,71977.5,8,433.5,3.1930220681138657,1,3,-1,2
1929,57144.875,26,301.75,3.2362645942209274,3,1,-1,3
1930,71567.2,11,325.8,3.7250180765759753,1,3,9,2
1931,60731.57142857143,14,182.57142857142858,3.227906422239371,2,0,0,3
1932,55707.857142857145,18,235.0,3.4851489749418465,3,1,0,3
1933,53327.0,8,298.25,4.278089394717878,1,3,3,2
1934,52755.6,16,265.2,3.576274223341488,3,1,0,3
1935,56637.333333333336,8,223.0,2.301681206369261,2,0,-1,2
1936,65645.2,16,338.4,2.289833762340448,3,1,-1,3
1937,26890.75,11,210.25,3.2156770982744347,0,1,-1,3
1938,71522.2,7,199.2,3.510246911629764,2,0,-1,2
1939,53297.333333333336,14,267.6666666666667,2.6636315594587434,3,1,0,3
1940,49851.4,11,177.8,1.9991940727418622,2,0,-1,1
1941,56962.333333333336,8,343.6666666666667,2.2787589444425858,1,2,-1,2
1942,72970.28571428571,21,241.85714285714286,2.461547268268323,3,1,-1,3
1943,32635.428571428572,15,232.57142857142858,3.306905267301434,0,1,0,3
1944,50801.666666666664,26,150.88888888888889,3.1966672589425653,3,1,-1,3
1945,67259.85714285714,15,333.42857142857144,3.552237818802966,1,3,-1,3
1946,42580.666666666664,5,320.0,2.461216628830826,0,2,-1,0
1947,68799.8,13,307.4,2.548010787785063,1,3,-1,2
1948,44478.4,15,218.6,2.168241164733476,3,0,-1,3
1949,53526.28571428572,21,206.0,3.3316802814443807,3,1,8,3
1950,46433.75,17,186.0,3.075489701397415,3,1,0,3
1951,65213.5,12,121.75,2.9407343540709094,2,0,-1,1
1952,54063.28571428572,14,343.2857142857143,2.2944683786000506,1,2,-1,2
1953,58327.42857142857,16,246.85714285714286,3.665643889470265,3,1,0,3
1954,37542.75,8,253.75,2.786865865486045,0,2,4,3
1955,48998.375,21,196.875,2.6384226321817827,3,1,0,3
1956,40182.8,13,208.0,2.592372794435021,0,0,0,3
1957,56722.833333333336,9,303.6666666666667,3.2360398420352094,1,3,0,2
1958,6797.0,1,353.0,4.6679480240146445,0,2,-1,0
1959,65357.333333333336,23,317.0,2.927054490202445,3,1,-1,3
1960,59788.6,12,256.8,2.9069502853199496,2,1,0,3
1961,34200.75,8,230.0,2.8721680174654405,0,2,4,3
1962,28587.5,11,159.0,3.6577890462919007,0,2,-1,3
1963,59158.57142857143,19,307.85714285714283,2.5346306811226476,3,1,0,3
1964,48952.8,8,349.4,3.2787446319632316,1,3,-1,2
1965,20726.75,13,186.5,2.1370071758453304,0,2,-1,1
1966,57952.0,5,290.6666666666667,2.460503960035475,1,3,-1,2
1967,58550.666666666664,12,237.66666666666666,3.2763850341613243,2,0,-1,3
1968,47378.42857142857,20,280.57142857142856,3.1772317643771357,3,1,0,3
1969,62152.25,7,157.25,3.061151723296687,2,0,-1,1
1970,40903.8,16,246.4,2.254000033279748,3,0,-1,3
1971,66036.6,12,331.8,3.8693874073768035,1,3,9,2
1972,49284.166666666664,15,270.1666666666667,3.1371076483746143,3,1,0,3
1973,57190.2,15,369.6,2.9866807593677627,1,3,-1,3
1974,44474.125,17,198.0,3.165635995890841,3,1,0,3
1975,89535.0,5,337.0,3.1658777296293725,1,3,-1,2
1976,38048.0,11,288.4,2.306875366549308,0,2,0,2
1977,58032.0,5,39.5,2.851768777644859,2,0,-1,1
1978,54822.125,18,316.625,3.008964501238582,3,1,0,3
1979,46092.57142857143,20,293.7142857142857,2.6802994923571903,3,1,0,3
1980,59045.7,24,358.9,3.333956308902457,3,1,-1,3
1981,41881.333333333336,7,285.0,1.5272379187264014,0,0,-1,0
1982,69129.0,7,152.66666666666666,1.9233323103856999,2,0,-1,1
1983,32488.714285714286,19,283.7142857142857,3.53447025951063,3,1,-1,3
1984,71749.0,1,318.0,3.780633884115642,1,3,-1,2
1985,51051.5,17,164.16666666666666,3.3869243393987305,3,1,0,3
1986,48345.666666666664,12,221.5,3.3476441908502825,0,0,0,3
1987,47045.2,14,306.4,3.3989845374922987,1,1,0,3
1988,41067.857142857145,16,296.85714285714283,2.84256544219931,3,1,0,3
1989,14517.0,2,328.5,4.24444787829656,0,2,-1,0
1990,37737.0,3,196.5,3.494413801300124,0,0,-1,3
1991,41385.0,6,178.5,1.5329481278095598,0,0,-1,0
1992,45113.6,16,190.4,1.828633763868274,3,0,-1,3
1993,39721.5,11,214.25,3.5849788398254043,0,0,0,3
1994,49044.5,15,195.75,3.0999603440546863,3,1,0,3
1995,73384.5,7,239.5,4.7946029130825805,1,3,-1,2
1996,44884.5,5,210.5,3.605103738358677,0,0,-1,3
1997,46929.142857142855,18,198.71428571428572,2.9808812343121334,3,1,0,3
1998,49921.28571428572,21,242.0,2.176880755169258,3,1,-1,3
1999,66680.28571428571,18,289.2857142857143,3.0179722839471217,3,1,0,3
